"Status","Start Time","Stop Time","Duration in ms","Parent Suite","Suite","Sub Suite","Test Class","Test Method","Name","Description"
"passed","Thu Mar 17 15:45:38 CST 2022","Thu Mar 17 15:45:42 CST 2022","4044","","test_work","TestWework","","","整体增删改查用户",""
"passed","Thu Mar 17 15:45:31 CST 2022","Thu Mar 17 15:45:33 CST 2022","1327","","test_work","TestWework","","","更新用户用户",""
"passed","Thu Mar 17 15:45:30 CST 2022","Thu Mar 17 15:45:31 CST 2022","770","","test_work","TestWework","","","查询用户",""
"passed","Thu Mar 17 15:45:34 CST 2022","Thu Mar 17 15:45:38 CST 2022","4131","","test_work","TestWework","","","整体增删改查用户",""
"passed","Thu Mar 17 15:45:28 CST 2022","Thu Mar 17 15:45:29 CST 2022","781","","test_work","TestWework","","","test_get_token",""
"passed","Thu Mar 17 15:45:52 CST 2022","Thu Mar 17 15:45:57 CST 2022","4604","","test_work","TestWework","","","整体增删改查用户",""
"passed","Thu Mar 17 15:45:57 CST 2022","Thu Mar 17 15:46:05 CST 2022","7585","","test_work","TestWework","","","整体增删改查用户",""
"passed","Thu Mar 17 15:46:09 CST 2022","Thu Mar 17 15:46:13 CST 2022","3893","","test_work","TestWework","","","整体增删改查用户",""
"passed","Thu Mar 17 15:45:33 CST 2022","Thu Mar 17 15:45:34 CST 2022","1064","","test_work","TestWework","","","删除用户",""
"passed","Thu Mar 17 15:45:42 CST 2022","Thu Mar 17 15:45:46 CST 2022","4220","","test_work","TestWework","","","整体增删改查用户",""
"passed","Thu Mar 17 15:45:29 CST 2022","Thu Mar 17 15:45:30 CST 2022","1152","","test_work","TestWework","","","创建用户",""
"passed","Thu Mar 17 15:45:28 CST 2022","Thu Mar 17 15:45:28 CST 2022","0","","test_work","","","","test_data",""
"passed","Thu Mar 17 15:45:46 CST 2022","Thu Mar 17 15:45:52 CST 2022","5952","","test_work","TestWework","","","整体增删改查用户",""
"passed","Thu Mar 17 15:46:05 CST 2022","Thu Mar 17 15:46:09 CST 2022","4065","","test_work","TestWework","","","整体增删改查用户",""
